<?xml version="1.0" encoding="utf-8" ?>
<services version="1.0">

  <admin version="2.0">
    <adminserver hostalias="node1" />
  </admin>

  <container id="default" version="1.0">
    <search />
    <document-api />
    <nodes>
      <node hostalias="node1" />
    </nodes>
  </container>

  <content id="music" version="1.0">
    <redundancy>1</redundancy>
    <documents>
      <document type="song" mode="index" />
    </documents>
    <nodes>
      <node hostalias="node1" distribution-key="0" />
    </nodes>
  </content>

</services>